filename,label,embedding_index
data/cropped/me/foto_394.jpg,1,0
data/cropped/me/foto_196.jpg,1,1
data/cropped/me/foto_28.jpg,1,2
data/cropped/me/foto_52.jpg,1,3
data/cropped/me/foto_487.jpg,1,4
data/cropped/me/foto_83.jpg,1,5
data/cropped/me/foto_391.jpg,1,6
data/cropped/me/foto_376.jpg,1,7
data/cropped/me/foto_259.jpg,1,8
data/cropped/me/foto_132.jpg,1,9
data/cropped/me/foto_482.jpg,1,10
data/cropped/me/foto_380.jpg,1,11
data/cropped/me/foto_239.jpg,1,12
data/cropped/me/foto_129.jpg,1,13
data/cropped/me/foto_92.jpg,1,14
data/cropped/me/foto_16.jpg,1,15
data/cropped/me/foto_318.jpg,1,16
data/cropped/me/foto_266.jpg,1,17
data/cropped/me/foto_447.jpg,1,18
data/cropped/me/foto_120.jpg,1,19
data/cropped/me/foto_403.jpg,1,20
data/cropped/me/foto_425.jpg,1,21
data/cropped/me/foto_273.jpg,1,22
data/cropped/me/foto_167.jpg,1,23
data/cropped/me/foto_301.jpg,1,24
data/cropped/me/foto_360.jpg,1,25
data/cropped/me/foto_157.jpg,1,26
data/cropped/me/foto_41.jpg,1,27
data/cropped/me/foto_317.jpg,1,28
data/cropped/me/foto_520.jpg,1,29
data/cropped/me/foto_264.jpg,1,30
data/cropped/me/foto_249.jpg,1,31
data/cropped/me/foto_512.jpg,1,32
data/cropped/me/foto_85.jpg,1,33
data/cropped/me/foto_17.jpg,1,34
data/cropped/me/foto_204.jpg,1,35
data/cropped/me/foto_30.jpg,1,36
data/cropped/me/foto_299.jpg,1,37
data/cropped/me/foto_328.jpg,1,38
data/cropped/me/foto_355.jpg,1,39
data/cropped/me/foto_307.jpg,1,40
data/cropped/me/foto_429.jpg,1,41
data/cropped/me/foto_90.jpg,1,42
data/cropped/me/foto_313.jpg,1,43
data/cropped/me/foto_445.jpg,1,44
data/cropped/me/foto_519.jpg,1,45
data/cropped/me/foto_135.jpg,1,46
data/cropped/me/foto_39.jpg,1,47
data/cropped/me/foto_226.jpg,1,48
data/cropped/me/foto_150.jpg,1,49
data/cropped/me/foto_257.jpg,1,50
data/cropped/me/foto_101.jpg,1,51
data/cropped/me/foto_6.jpg,1,52
data/cropped/me/foto_537.jpg,1,53
data/cropped/me/foto_40.jpg,1,54
data/cropped/me/foto_450.jpg,1,55
data/cropped/me/foto_178.jpg,1,56
data/cropped/me/foto_247.jpg,1,57
data/cropped/me/foto_185.jpg,1,58
data/cropped/me/foto_538.jpg,1,59
data/cropped/me/foto_470.jpg,1,60
data/cropped/me/foto_158.jpg,1,61
data/cropped/me/foto_175.jpg,1,62
data/cropped/me/foto_76.jpg,1,63
data/cropped/me/foto_231.jpg,1,64
data/cropped/me/foto_108.jpg,1,65
data/cropped/me/foto_75.jpg,1,66
data/cropped/me/foto_13.jpg,1,67
data/cropped/me/foto_367.jpg,1,68
data/cropped/me/foto_397.jpg,1,69
data/cropped/me/foto_235.jpg,1,70
data/cropped/me/foto_207.jpg,1,71
data/cropped/me/foto_349.jpg,1,72
data/cropped/me/foto_230.jpg,1,73
data/cropped/me/foto_221.jpg,1,74
data/cropped/me/foto_363.jpg,1,75
data/cropped/me/foto_95.jpg,1,76
data/cropped/me/foto_66.jpg,1,77
data/cropped/me/foto_374.jpg,1,78
data/cropped/me/foto_159.jpg,1,79
data/cropped/me/foto_280.jpg,1,80
data/cropped/me/foto_423.jpg,1,81
data/cropped/me/foto_361.jpg,1,82
data/cropped/me/foto_525.jpg,1,83
data/cropped/me/foto_506.jpg,1,84
data/cropped/me/foto_274.jpg,1,85
data/cropped/me/foto_370.jpg,1,86
data/cropped/me/foto_351.jpg,1,87
data/cropped/me/foto_365.jpg,1,88
data/cropped/me/foto_502.jpg,1,89
data/cropped/me/foto_203.jpg,1,90
data/cropped/me/foto_56.jpg,1,91
data/cropped/me/foto_326.jpg,1,92
data/cropped/me/foto_287.jpg,1,93
data/cropped/me/foto_96.jpg,1,94
data/cropped/me/foto_359.jpg,1,95
data/cropped/me/foto_99.jpg,1,96
data/cropped/me/foto_438.jpg,1,97
data/cropped/me/foto_118.jpg,1,98
data/cropped/me/foto_209.jpg,1,99
data/cropped/me/foto_375.jpg,1,100
data/cropped/me/foto_145.jpg,1,101
data/cropped/me/foto_322.jpg,1,102
data/cropped/me/foto_528.jpg,1,103
data/cropped/me/foto_5.jpg,1,104
data/cropped/me/foto_202.jpg,1,105
data/cropped/me/foto_395.jpg,1,106
data/cropped/me/foto_430.jpg,1,107
data/cropped/me/foto_421.jpg,1,108
data/cropped/me/foto_60.jpg,1,109
data/cropped/me/foto_67.jpg,1,110
data/cropped/me/foto_47.jpg,1,111
data/cropped/me/foto_493.jpg,1,112
data/cropped/me/foto_71.jpg,1,113
data/cropped/me/foto_72.jpg,1,114
data/cropped/me/foto_172.jpg,1,115
data/cropped/me/foto_176.jpg,1,116
data/cropped/me/foto_484.jpg,1,117
data/cropped/me/foto_53.jpg,1,118
data/cropped/me/foto_523.jpg,1,119
data/cropped/me/foto_263.jpg,1,120
data/cropped/me/foto_383.jpg,1,121
data/cropped/me/foto_160.jpg,1,122
data/cropped/me/foto_294.jpg,1,123
data/cropped/me/foto_372.jpg,1,124
data/cropped/me/foto_205.jpg,1,125
data/cropped/me/foto_325.jpg,1,126
data/cropped/me/foto_141.jpg,1,127
data/cropped/me/foto_112.jpg,1,128
data/cropped/me/foto_297.jpg,1,129
data/cropped/me/foto_501.jpg,1,130
data/cropped/me/foto_14.jpg,1,131
data/cropped/me/foto_276.jpg,1,132
data/cropped/me/foto_42.jpg,1,133
data/cropped/me/foto_174.jpg,1,134
data/cropped/me/foto_201.jpg,1,135
data/cropped/me/foto_414.jpg,1,136
data/cropped/me/foto_536.jpg,1,137
data/cropped/me/foto_530.jpg,1,138
data/cropped/me/foto_168.jpg,1,139
data/cropped/me/foto_25.jpg,1,140
data/cropped/me/foto_142.jpg,1,141
data/cropped/me/foto_227.jpg,1,142
data/cropped/me/foto_199.jpg,1,143
data/cropped/me/foto_35.jpg,1,144
data/cropped/me/foto_385.jpg,1,145
data/cropped/me/foto_68.jpg,1,146
data/cropped/me/foto_218.jpg,1,147
data/cropped/me/foto_38.jpg,1,148
data/cropped/me/foto_4.jpg,1,149
data/cropped/me/foto_434.jpg,1,150
data/cropped/me/foto_344.jpg,1,151
data/cropped/me/foto_140.jpg,1,152
data/cropped/me/foto_130.jpg,1,153
data/cropped/me/foto_250.jpg,1,154
data/cropped/me/foto_504.jpg,1,155
data/cropped/me/foto_162.jpg,1,156
data/cropped/me/foto_58.jpg,1,157
data/cropped/me/foto_206.jpg,1,158
data/cropped/me/foto_225.jpg,1,159
data/cropped/me/foto_220.jpg,1,160
data/cropped/me/foto_518.jpg,1,161
data/cropped/me/foto_473.jpg,1,162
data/cropped/me/foto_453.jpg,1,163
data/cropped/me/foto_183.jpg,1,164
data/cropped/me/foto_89.jpg,1,165
data/cropped/me/foto_18.jpg,1,166
data/cropped/me/foto_288.jpg,1,167
data/cropped/me/foto_269.jpg,1,168
data/cropped/me/foto_123.jpg,1,169
data/cropped/me/foto_467.jpg,1,170
data/cropped/me/foto_251.jpg,1,171
data/cropped/me/foto_146.jpg,1,172
data/cropped/me/foto_268.jpg,1,173
data/cropped/me/foto_104.jpg,1,174
data/cropped/me/foto_406.jpg,1,175
data/cropped/me/foto_455.jpg,1,176
data/cropped/me/foto_424.jpg,1,177
data/cropped/me/foto_27.jpg,1,178
data/cropped/me/foto_80.jpg,1,179
data/cropped/me/foto_309.jpg,1,180
data/cropped/me/foto_57.jpg,1,181
data/cropped/me/foto_433.jpg,1,182
data/cropped/me/foto_413.jpg,1,183
data/cropped/me/foto_191.jpg,1,184
data/cropped/me/foto_177.jpg,1,185
data/cropped/me/foto_155.jpg,1,186
data/cropped/me/foto_465.jpg,1,187
data/cropped/me/foto_339.jpg,1,188
data/cropped/me/foto_340.jpg,1,189
data/cropped/me/foto_377.jpg,1,190
data/cropped/me/foto_245.jpg,1,191
data/cropped/me/foto_497.jpg,1,192
data/cropped/me/foto_37.jpg,1,193
data/cropped/me/foto_51.jpg,1,194
data/cropped/me/foto_485.jpg,1,195
data/cropped/me/foto_369.jpg,1,196
data/cropped/me/foto_378.jpg,1,197
data/cropped/me/foto_275.jpg,1,198
data/cropped/me/foto_161.jpg,1,199
data/cropped/me/foto_490.jpg,1,200
data/cropped/me/foto_82.jpg,1,201
data/cropped/me/foto_170.jpg,1,202
data/cropped/me/foto_180.jpg,1,203
data/cropped/me/foto_500.jpg,1,204
data/cropped/me/foto_189.jpg,1,205
data/cropped/me/foto_314.jpg,1,206
data/cropped/me/foto_492.jpg,1,207
data/cropped/me/foto_464.jpg,1,208
data/cropped/me/foto_303.jpg,1,209
data/cropped/me/foto_46.jpg,1,210
data/cropped/me/foto_281.jpg,1,211
data/cropped/me/foto_427.jpg,1,212
data/cropped/me/foto_74.jpg,1,213
data/cropped/me/foto_246.jpg,1,214
data/cropped/me/foto_121.jpg,1,215
data/cropped/me/foto_334.jpg,1,216
data/cropped/me/foto_435.jpg,1,217
data/cropped/me/foto_184.jpg,1,218
data/cropped/me/foto_371.jpg,1,219
data/cropped/me/foto_329.jpg,1,220
data/cropped/me/foto_345.jpg,1,221
data/cropped/me/foto_481.jpg,1,222
data/cropped/me/foto_258.jpg,1,223
data/cropped/me/foto_73.jpg,1,224
data/cropped/me/foto_8.jpg,1,225
data/cropped/me/foto_59.jpg,1,226
data/cropped/me/foto_3.jpg,1,227
data/cropped/me/foto_401.jpg,1,228
data/cropped/me/foto_169.jpg,1,229
data/cropped/me/foto_356.jpg,1,230
data/cropped/me/foto_88.jpg,1,231
data/cropped/me/foto_193.jpg,1,232
data/cropped/me/foto_480.jpg,1,233
data/cropped/me/foto_48.jpg,1,234
data/cropped/me/foto_410.jpg,1,235
data/cropped/me/foto_36.jpg,1,236
data/cropped/me/foto_22.jpg,1,237
data/cropped/me/foto_402.jpg,1,238
data/cropped/me/foto_431.jpg,1,239
data/cropped/me/foto_507.jpg,1,240
data/cropped/me/foto_529.jpg,1,241
data/cropped/me/foto_20.jpg,1,242
data/cropped/me/foto_399.jpg,1,243
data/cropped/me/foto_373.jpg,1,244
data/cropped/me/foto_432.jpg,1,245
data/cropped/me/foto_197.jpg,1,246
data/cropped/me/foto_260.jpg,1,247
data/cropped/me/foto_540.jpg,1,248
data/cropped/me/foto_298.jpg,1,249
data/cropped/me/foto_252.jpg,1,250
data/cropped/me/foto_514.jpg,1,251
data/cropped/me/foto_255.jpg,1,252
data/cropped/me/foto_475.jpg,1,253
data/cropped/me/foto_364.jpg,1,254
data/cropped/me/foto_211.jpg,1,255
data/cropped/me/foto_499.jpg,1,256
data/cropped/me/foto_456.jpg,1,257
data/cropped/me/foto_396.jpg,1,258
data/cropped/me/foto_496.jpg,1,259
data/cropped/me/foto_420.jpg,1,260
data/cropped/me/foto_511.jpg,1,261
data/cropped/me/foto_302.jpg,1,262
data/cropped/me/foto_148.jpg,1,263
data/cropped/me/foto_483.jpg,1,264
data/cropped/me/foto_368.jpg,1,265
data/cropped/me/foto_479.jpg,1,266
data/cropped/me/foto_324.jpg,1,267
data/cropped/me/foto_217.jpg,1,268
data/cropped/me/foto_468.jpg,1,269
data/cropped/me/foto_277.jpg,1,270
data/cropped/me/foto_494.jpg,1,271
data/cropped/me/foto_11.jpg,1,272
data/cropped/me/foto_171.jpg,1,273
data/cropped/me/foto_229.jpg,1,274
data/cropped/me/foto_382.jpg,1,275
data/cropped/me/foto_300.jpg,1,276
data/cropped/me/foto_282.jpg,1,277
data/cropped/me/foto_498.jpg,1,278
data/cropped/me/foto_532.jpg,1,279
data/cropped/me/foto_477.jpg,1,280
data/cropped/me/foto_357.jpg,1,281
data/cropped/me/foto_270.jpg,1,282
data/cropped/me/foto_24.jpg,1,283
data/cropped/me/foto_91.jpg,1,284
data/cropped/me/foto_466.jpg,1,285
data/cropped/me/foto_86.jpg,1,286
data/cropped/me/foto_2.jpg,1,287
data/cropped/me/foto_81.jpg,1,288
data/cropped/me/foto_119.jpg,1,289
data/cropped/me/foto_388.jpg,1,290
data/cropped/me/foto_332.jpg,1,291
data/cropped/me/foto_151.jpg,1,292
data/cropped/me/foto_216.jpg,1,293
data/cropped/me/foto_412.jpg,1,294
data/cropped/me/foto_516.jpg,1,295
data/cropped/me/foto_521.jpg,1,296
data/cropped/me/foto_98.jpg,1,297
data/cropped/me/foto_392.jpg,1,298
data/cropped/me/foto_188.jpg,1,299
data/cropped/me/foto_315.jpg,1,300
data/cropped/me/foto_440.jpg,1,301
data/cropped/me/foto_181.jpg,1,302
data/cropped/me/foto_248.jpg,1,303
data/cropped/me/foto_126.jpg,1,304
data/cropped/me/foto_323.jpg,1,305
data/cropped/me/foto_436.jpg,1,306
data/cropped/me/foto_336.jpg,1,307
data/cropped/me/foto_208.jpg,1,308
data/cropped/me/foto_94.jpg,1,309
data/cropped/me/foto_31.jpg,1,310
data/cropped/me/foto_190.jpg,1,311
data/cropped/me/foto_426.jpg,1,312
data/cropped/me/foto_515.jpg,1,313
data/cropped/me/foto_49.jpg,1,314
data/cropped/me/foto_210.jpg,1,315
data/cropped/me/foto_308.jpg,1,316
data/cropped/me/foto_503.jpg,1,317
data/cropped/me/foto_186.jpg,1,318
data/cropped/me/foto_125.jpg,1,319
data/cropped/me/foto_419.jpg,1,320
data/cropped/me/foto_7.jpg,1,321
data/cropped/me/foto_439.jpg,1,322
data/cropped/me/foto_243.jpg,1,323
data/cropped/me/foto_165.jpg,1,324
data/cropped/me/foto_442.jpg,1,325
data/cropped/me/foto_50.jpg,1,326
data/cropped/me/foto_78.jpg,1,327
data/cropped/me/foto_261.jpg,1,328
data/cropped/me/foto_279.jpg,1,329
data/cropped/me/foto_290.jpg,1,330
data/cropped/me/foto_262.jpg,1,331
data/cropped/me/foto_350.jpg,1,332
data/cropped/me/foto_327.jpg,1,333
data/cropped/me/foto_61.jpg,1,334
data/cropped/me/foto_110.jpg,1,335
data/cropped/me/foto_343.jpg,1,336
data/cropped/me/foto_102.jpg,1,337
data/cropped/me/foto_233.jpg,1,338
data/cropped/me/foto_69.jpg,1,339
data/cropped/me/foto_93.jpg,1,340
data/cropped/me/foto_296.jpg,1,341
data/cropped/me/foto_331.jpg,1,342
data/cropped/me/foto_469.jpg,1,343
data/cropped/me/foto_293.jpg,1,344
data/cropped/me/foto_524.jpg,1,345
data/cropped/me/foto_386.jpg,1,346
data/cropped/me/foto_137.jpg,1,347
data/cropped/me/foto_173.jpg,1,348
data/cropped/me/foto_454.jpg,1,349
data/cropped/me/foto_79.jpg,1,350
data/cropped/me/foto_0.jpg,1,351
data/cropped/me/foto_127.jpg,1,352
data/cropped/me/foto_33.jpg,1,353
data/cropped/me/foto_106.jpg,1,354
data/cropped/me/foto_224.jpg,1,355
data/cropped/me/foto_156.jpg,1,356
data/cropped/me/foto_404.jpg,1,357
data/cropped/me/foto_448.jpg,1,358
data/cropped/me/foto_149.jpg,1,359
data/cropped/me/foto_143.jpg,1,360
data/cropped/me/foto_271.jpg,1,361
data/cropped/me/foto_9.jpg,1,362
data/cropped/me/foto_166.jpg,1,363
data/cropped/me/foto_489.jpg,1,364
data/cropped/me/foto_187.jpg,1,365
data/cropped/me/foto_65.jpg,1,366
data/cropped/me/foto_84.jpg,1,367
data/cropped/me/foto_295.jpg,1,368
data/cropped/me/foto_284.jpg,1,369
data/cropped/me/foto_341.jpg,1,370
data/cropped/me/foto_103.jpg,1,371
data/cropped/me/foto_232.jpg,1,372
data/cropped/me/foto_534.jpg,1,373
data/cropped/me/foto_131.jpg,1,374
data/cropped/me/foto_134.jpg,1,375
data/cropped/me/foto_109.jpg,1,376
data/cropped/me/foto_124.jpg,1,377
data/cropped/me/foto_152.jpg,1,378
data/cropped/me/foto_458.jpg,1,379
data/cropped/me/foto_460.jpg,1,380
data/cropped/me/foto_153.jpg,1,381
data/cropped/me/foto_12.jpg,1,382
data/cropped/me/foto_212.jpg,1,383
data/cropped/me/foto_23.jpg,1,384
data/cropped/me/foto_320.jpg,1,385
data/cropped/me/foto_509.jpg,1,386
data/cropped/me/foto_139.jpg,1,387
data/cropped/me/foto_446.jpg,1,388
data/cropped/me/foto_542.jpg,1,389
data/cropped/me/foto_486.jpg,1,390
data/cropped/me/foto_289.jpg,1,391
data/cropped/me/foto_461.jpg,1,392
data/cropped/me/foto_400.jpg,1,393
data/cropped/me/foto_253.jpg,1,394
data/cropped/me/foto_256.jpg,1,395
data/cropped/me/foto_387.jpg,1,396
data/cropped/me/foto_491.jpg,1,397
data/cropped/me/foto_366.jpg,1,398
data/cropped/me/foto_265.jpg,1,399
data/cropped/me/foto_543.jpg,1,400
data/cropped/me/foto_136.jpg,1,401
data/cropped/me/foto_194.jpg,1,402
data/cropped/me/foto_457.jpg,1,403
data/cropped/me/foto_10.jpg,1,404
data/cropped/me/foto_223.jpg,1,405
data/cropped/me/foto_517.jpg,1,406
data/cropped/me/foto_384.jpg,1,407
data/cropped/me/foto_418.jpg,1,408
data/cropped/me/foto_321.jpg,1,409
data/cropped/me/foto_437.jpg,1,410
data/cropped/me/foto_417.jpg,1,411
data/cropped/me/foto_164.jpg,1,412
data/cropped/me/foto_310.jpg,1,413
data/cropped/me/foto_200.jpg,1,414
data/cropped/me/foto_213.jpg,1,415
data/cropped/me/foto_333.jpg,1,416
data/cropped/me/foto_292.jpg,1,417
data/cropped/me/foto_238.jpg,1,418
data/cropped/me/foto_283.jpg,1,419
data/cropped/me/foto_113.jpg,1,420
data/cropped/me/foto_422.jpg,1,421
data/cropped/me/foto_62.jpg,1,422
data/cropped/me/foto_338.jpg,1,423
data/cropped/me/foto_236.jpg,1,424
data/cropped/me/foto_55.jpg,1,425
data/cropped/me/foto_26.jpg,1,426
data/cropped/me/foto_462.jpg,1,427
data/cropped/me/foto_488.jpg,1,428
data/cropped/me/foto_15.jpg,1,429
data/cropped/me/foto_179.jpg,1,430
data/cropped/me/foto_117.jpg,1,431
data/cropped/me/foto_64.jpg,1,432
data/cropped/me/foto_527.jpg,1,433
data/cropped/me/foto_352.jpg,1,434
data/cropped/me/foto_1.jpg,1,435
data/cropped/me/foto_381.jpg,1,436
data/cropped/me/foto_405.jpg,1,437
data/cropped/me/foto_495.jpg,1,438
data/cropped/me/foto_87.jpg,1,439
data/cropped/me/foto_244.jpg,1,440
data/cropped/me/foto_353.jpg,1,441
data/cropped/me/foto_133.jpg,1,442
data/cropped/me/foto_319.jpg,1,443
data/cropped/me/foto_198.jpg,1,444
data/cropped/me/foto_342.jpg,1,445
data/cropped/me/foto_409.jpg,1,446
data/cropped/me/foto_312.jpg,1,447
data/cropped/me/foto_472.jpg,1,448
data/cropped/me/foto_241.jpg,1,449
data/cropped/me/foto_316.jpg,1,450
data/cropped/me/foto_471.jpg,1,451
data/cropped/me/foto_452.jpg,1,452
data/cropped/me/foto_105.jpg,1,453
data/cropped/me/foto_114.jpg,1,454
data/cropped/me/foto_237.jpg,1,455
data/cropped/me/foto_116.jpg,1,456
data/cropped/me/foto_358.jpg,1,457
data/cropped/me/foto_278.jpg,1,458
data/cropped/me/foto_222.jpg,1,459
data/cropped/me/foto_63.jpg,1,460
data/cropped/me/foto_362.jpg,1,461
data/cropped/me/foto_285.jpg,1,462
data/cropped/me/foto_474.jpg,1,463
data/cropped/me/foto_144.jpg,1,464
data/cropped/me/foto_346.jpg,1,465
data/cropped/me/foto_441.jpg,1,466
data/cropped/me/foto_390.jpg,1,467
data/cropped/me/foto_531.jpg,1,468
data/cropped/me/foto_305.jpg,1,469
data/cropped/me/foto_182.jpg,1,470
data/cropped/me/foto_34.jpg,1,471
data/cropped/me/foto_337.jpg,1,472
data/cropped/me/foto_306.jpg,1,473
data/cropped/me/foto_415.jpg,1,474
data/cropped/me/foto_163.jpg,1,475
data/cropped/me/foto_476.jpg,1,476
data/cropped/me/foto_478.jpg,1,477
data/cropped/me/foto_45.jpg,1,478
data/cropped/me/foto_379.jpg,1,479
data/cropped/me/foto_44.jpg,1,480
data/cropped/me/foto_214.jpg,1,481
data/cropped/me/foto_449.jpg,1,482
data/cropped/me/foto_510.jpg,1,483
data/cropped/me/foto_107.jpg,1,484
data/cropped/me/foto_505.jpg,1,485
data/cropped/me/foto_128.jpg,1,486
data/cropped/me/foto_77.jpg,1,487
data/cropped/me/foto_443.jpg,1,488
data/cropped/me/foto_138.jpg,1,489
data/cropped/me/foto_522.jpg,1,490
data/cropped/me/foto_43.jpg,1,491
data/cropped/me/foto_541.jpg,1,492
data/cropped/me/foto_428.jpg,1,493
data/cropped/me/foto_219.jpg,1,494
data/cropped/me/foto_272.jpg,1,495
data/cropped/me/foto_234.jpg,1,496
data/cropped/me/foto_533.jpg,1,497
data/cropped/me/foto_407.jpg,1,498
data/cropped/me/foto_54.jpg,1,499
data/cropped/me/foto_115.jpg,1,500
data/cropped/me/foto_330.jpg,1,501
data/cropped/me/foto_508.jpg,1,502
data/cropped/me/foto_21.jpg,1,503
data/cropped/me/foto_192.jpg,1,504
data/cropped/me/foto_215.jpg,1,505
data/cropped/me/foto_29.jpg,1,506
data/cropped/me/foto_389.jpg,1,507
data/cropped/me/foto_32.jpg,1,508
data/cropped/me/foto_451.jpg,1,509
data/cropped/me/foto_242.jpg,1,510
data/cropped/me/foto_416.jpg,1,511
data/cropped/me/foto_254.jpg,1,512
data/cropped/me/foto_354.jpg,1,513
data/cropped/me/foto_347.jpg,1,514
data/cropped/me/foto_393.jpg,1,515
data/cropped/me/foto_122.jpg,1,516
data/cropped/me/foto_304.jpg,1,517
data/cropped/me/foto_311.jpg,1,518
data/cropped/me/foto_154.jpg,1,519
data/cropped/me/foto_19.jpg,1,520
data/cropped/me/foto_408.jpg,1,521
data/cropped/me/foto_348.jpg,1,522
data/cropped/me/foto_411.jpg,1,523
data/cropped/me/foto_267.jpg,1,524
data/cropped/me/foto_539.jpg,1,525
data/cropped/me/foto_240.jpg,1,526
data/cropped/me/foto_335.jpg,1,527
data/cropped/me/foto_195.jpg,1,528
data/cropped/me/foto_535.jpg,1,529
data/cropped/me/foto_463.jpg,1,530
data/cropped/me/foto_398.jpg,1,531
data/cropped/me/foto_291.jpg,1,532
data/cropped/me/foto_459.jpg,1,533
data/cropped/me/foto_444.jpg,1,534
data/cropped/me/foto_100.jpg,1,535
data/cropped/me/foto_526.jpg,1,536
data/cropped/me/foto_286.jpg,1,537
data/cropped/me/foto_147.jpg,1,538
data/cropped/me/foto_228.jpg,1,539
data/cropped/me/foto_111.jpg,1,540
data/cropped/me/foto_70.jpg,1,541
data/cropped/me/foto_513.jpg,1,542
data/cropped/me/foto_97.jpg,1,543
data/cropped/me/foto_544.jpg,1,544
data/cropped/not_me/001101.jpg,0,545
data/cropped/not_me/001223.jpg,0,546
data/cropped/not_me/001018.jpg,0,547
data/cropped/not_me/001140.jpg,0,548
data/cropped/not_me/001347.jpg,0,549
data/cropped/not_me/001302.jpg,0,550
data/cropped/not_me/001002.jpg,0,551
data/cropped/not_me/000945.jpg,0,552
data/cropped/not_me/000997.jpg,0,553
data/cropped/not_me/001048.jpg,0,554
data/cropped/not_me/001306.jpg,0,555
data/cropped/not_me/000947.jpg,0,556
data/cropped/not_me/001179.jpg,0,557
data/cropped/not_me/001199.jpg,0,558
data/cropped/not_me/001134.jpg,0,559
data/cropped/not_me/000936.jpg,0,560
data/cropped/not_me/001366.jpg,0,561
data/cropped/not_me/001006.jpg,0,562
data/cropped/not_me/001162.jpg,0,563
data/cropped/not_me/000980.jpg,0,564
data/cropped/not_me/000979.jpg,0,565
data/cropped/not_me/001003.jpg,0,566
data/cropped/not_me/001107.jpg,0,567
data/cropped/not_me/000965.jpg,0,568
data/cropped/not_me/001164.jpg,0,569
data/cropped/not_me/001182.jpg,0,570
data/cropped/not_me/000995.jpg,0,571
data/cropped/not_me/001291.jpg,0,572
data/cropped/not_me/001318.jpg,0,573
data/cropped/not_me/001123.jpg,0,574
data/cropped/not_me/001290.jpg,0,575
data/cropped/not_me/000950.jpg,0,576
data/cropped/not_me/000960.jpg,0,577
data/cropped/not_me/001326.jpg,0,578
data/cropped/not_me/001213.jpg,0,579
data/cropped/not_me/001148.jpg,0,580
data/cropped/not_me/000941.jpg,0,581
data/cropped/not_me/001301.jpg,0,582
data/cropped/not_me/001240.jpg,0,583
data/cropped/not_me/001138.jpg,0,584
data/cropped/not_me/001047.jpg,0,585
data/cropped/not_me/001094.jpg,0,586
data/cropped/not_me/001315.jpg,0,587
data/cropped/not_me/001096.jpg,0,588
data/cropped/not_me/001250.jpg,0,589
data/cropped/not_me/001102.jpg,0,590
data/cropped/not_me/001282.jpg,0,591
data/cropped/not_me/001030.jpg,0,592
data/cropped/not_me/001106.jpg,0,593
data/cropped/not_me/001310.jpg,0,594
data/cropped/not_me/001234.jpg,0,595
data/cropped/not_me/001022.jpg,0,596
data/cropped/not_me/001084.jpg,0,597
data/cropped/not_me/001128.jpg,0,598
data/cropped/not_me/001127.jpg,0,599
data/cropped/not_me/001183.jpg,0,600
data/cropped/not_me/001087.jpg,0,601
data/cropped/not_me/000989.jpg,0,602
data/cropped/not_me/000962.jpg,0,603
data/cropped/not_me/001324.jpg,0,604
data/cropped/not_me/000999.jpg,0,605
data/cropped/not_me/001105.jpg,0,606
data/cropped/not_me/001417.jpg,0,607
data/cropped/not_me/001348.jpg,0,608
data/cropped/not_me/001374.jpg,0,609
data/cropped/not_me/001174.jpg,0,610
data/cropped/not_me/001384.jpg,0,611
data/cropped/not_me/001181.jpg,0,612
data/cropped/not_me/001242.jpg,0,613
data/cropped/not_me/001402.jpg,0,614
data/cropped/not_me/001404.jpg,0,615
data/cropped/not_me/001042.jpg,0,616
data/cropped/not_me/001299.jpg,0,617
data/cropped/not_me/001031.jpg,0,618
data/cropped/not_me/000942.jpg,0,619
data/cropped/not_me/001228.jpg,0,620
data/cropped/not_me/001153.jpg,0,621
data/cropped/not_me/001422.jpg,0,622
data/cropped/not_me/001275.jpg,0,623
data/cropped/not_me/001405.jpg,0,624
data/cropped/not_me/001184.jpg,0,625
data/cropped/not_me/000946.jpg,0,626
data/cropped/not_me/001266.jpg,0,627
data/cropped/not_me/001418.jpg,0,628
data/cropped/not_me/001078.jpg,0,629
data/cropped/not_me/001214.jpg,0,630
data/cropped/not_me/001262.jpg,0,631
data/cropped/not_me/000991.jpg,0,632
data/cropped/not_me/001103.jpg,0,633
data/cropped/not_me/001383.jpg,0,634
data/cropped/not_me/001309.jpg,0,635
data/cropped/not_me/001278.jpg,0,636
data/cropped/not_me/001073.jpg,0,637
data/cropped/not_me/001337.jpg,0,638
data/cropped/not_me/001393.jpg,0,639
data/cropped/not_me/001245.jpg,0,640
data/cropped/not_me/001072.jpg,0,641
data/cropped/not_me/001209.jpg,0,642
data/cropped/not_me/001034.jpg,0,643
data/cropped/not_me/001115.jpg,0,644
data/cropped/not_me/001193.jpg,0,645
data/cropped/not_me/001361.jpg,0,646
data/cropped/not_me/001117.jpg,0,647
data/cropped/not_me/000976.jpg,0,648
data/cropped/not_me/001409.jpg,0,649
data/cropped/not_me/001406.jpg,0,650
data/cropped/not_me/001352.jpg,0,651
data/cropped/not_me/000996.jpg,0,652
data/cropped/not_me/001005.jpg,0,653
data/cropped/not_me/001286.jpg,0,654
data/cropped/not_me/001392.jpg,0,655
data/cropped/not_me/001058.jpg,0,656
data/cropped/not_me/001037.jpg,0,657
data/cropped/not_me/001110.jpg,0,658
data/cropped/not_me/001144.jpg,0,659
data/cropped/not_me/001054.jpg,0,660
data/cropped/not_me/001367.jpg,0,661
data/cropped/not_me/001097.jpg,0,662
data/cropped/not_me/001364.jpg,0,663
data/cropped/not_me/001091.jpg,0,664
data/cropped/not_me/001033.jpg,0,665
data/cropped/not_me/000986.jpg,0,666
data/cropped/not_me/001189.jpg,0,667
data/cropped/not_me/001400.jpg,0,668
data/cropped/not_me/001294.jpg,0,669
data/cropped/not_me/001399.jpg,0,670
data/cropped/not_me/001019.jpg,0,671
data/cropped/not_me/001092.jpg,0,672
data/cropped/not_me/001143.jpg,0,673
data/cropped/not_me/001075.jpg,0,674
data/cropped/not_me/001344.jpg,0,675
data/cropped/not_me/001089.jpg,0,676
data/cropped/not_me/000961.jpg,0,677
data/cropped/not_me/001049.jpg,0,678
data/cropped/not_me/001397.jpg,0,679
data/cropped/not_me/001312.jpg,0,680
data/cropped/not_me/001264.jpg,0,681
data/cropped/not_me/001253.jpg,0,682
data/cropped/not_me/001023.jpg,0,683
data/cropped/not_me/001371.jpg,0,684
data/cropped/not_me/001139.jpg,0,685
data/cropped/not_me/000968.jpg,0,686
data/cropped/not_me/000971.jpg,0,687
data/cropped/not_me/001159.jpg,0,688
data/cropped/not_me/001321.jpg,0,689
data/cropped/not_me/001039.jpg,0,690
data/cropped/not_me/001017.jpg,0,691
data/cropped/not_me/001353.jpg,0,692
data/cropped/not_me/001276.jpg,0,693
data/cropped/not_me/001004.jpg,0,694
data/cropped/not_me/001203.jpg,0,695
data/cropped/not_me/001120.jpg,0,696
data/cropped/not_me/000970.jpg,0,697
data/cropped/not_me/001387.jpg,0,698
data/cropped/not_me/001010.jpg,0,699
data/cropped/not_me/001215.jpg,0,700
data/cropped/not_me/001329.jpg,0,701
data/cropped/not_me/001020.jpg,0,702
data/cropped/not_me/001355.jpg,0,703
data/cropped/not_me/001343.jpg,0,704
data/cropped/not_me/001013.jpg,0,705
data/cropped/not_me/001385.jpg,0,706
data/cropped/not_me/001130.jpg,0,707
data/cropped/not_me/001155.jpg,0,708
data/cropped/not_me/001396.jpg,0,709
data/cropped/not_me/001410.jpg,0,710
data/cropped/not_me/001169.jpg,0,711
data/cropped/not_me/001068.jpg,0,712
data/cropped/not_me/001166.jpg,0,713
data/cropped/not_me/001379.jpg,0,714
data/cropped/not_me/001415.jpg,0,715
data/cropped/not_me/001259.jpg,0,716
data/cropped/not_me/001322.jpg,0,717
data/cropped/not_me/001024.jpg,0,718
data/cropped/not_me/001248.jpg,0,719
data/cropped/not_me/001394.jpg,0,720
data/cropped/not_me/001293.jpg,0,721
data/cropped/not_me/001373.jpg,0,722
data/cropped/not_me/001295.jpg,0,723
data/cropped/not_me/000969.jpg,0,724
data/cropped/not_me/000951.jpg,0,725
data/cropped/not_me/001165.jpg,0,726
data/cropped/not_me/001297.jpg,0,727
data/cropped/not_me/001350.jpg,0,728
data/cropped/not_me/001263.jpg,0,729
data/cropped/not_me/001210.jpg,0,730
data/cropped/not_me/001386.jpg,0,731
data/cropped/not_me/001028.jpg,0,732
data/cropped/not_me/001077.jpg,0,733
data/cropped/not_me/001172.jpg,0,734
data/cropped/not_me/000988.jpg,0,735
data/cropped/not_me/001420.jpg,0,736
data/cropped/not_me/001270.jpg,0,737
data/cropped/not_me/001416.jpg,0,738
data/cropped/not_me/000927.jpg,0,739
data/cropped/not_me/001319.jpg,0,740
data/cropped/not_me/000987.jpg,0,741
data/cropped/not_me/001229.jpg,0,742
data/cropped/not_me/001118.jpg,0,743
data/cropped/not_me/001354.jpg,0,744
data/cropped/not_me/001292.jpg,0,745
data/cropped/not_me/000953.jpg,0,746
data/cropped/not_me/001284.jpg,0,747
data/cropped/not_me/000952.jpg,0,748
data/cropped/not_me/001335.jpg,0,749
data/cropped/not_me/001064.jpg,0,750
data/cropped/not_me/001040.jpg,0,751
data/cropped/not_me/001424.jpg,0,752
data/cropped/not_me/001197.jpg,0,753
data/cropped/not_me/000925.jpg,0,754
data/cropped/not_me/001204.jpg,0,755
data/cropped/not_me/001175.jpg,0,756
data/cropped/not_me/001152.jpg,0,757
data/cropped/not_me/001083.jpg,0,758
data/cropped/not_me/001376.jpg,0,759
data/cropped/not_me/000934.jpg,0,760
data/cropped/not_me/000992.jpg,0,761
data/cropped/not_me/001423.jpg,0,762
data/cropped/not_me/001333.jpg,0,763
data/cropped/not_me/001057.jpg,0,764
data/cropped/not_me/001365.jpg,0,765
data/cropped/not_me/000967.jpg,0,766
data/cropped/not_me/000984.jpg,0,767
data/cropped/not_me/001274.jpg,0,768
data/cropped/not_me/001055.jpg,0,769
data/cropped/not_me/001045.jpg,0,770
data/cropped/not_me/001238.jpg,0,771
data/cropped/not_me/001081.jpg,0,772
data/cropped/not_me/000949.jpg,0,773
data/cropped/not_me/001260.jpg,0,774
data/cropped/not_me/001052.jpg,0,775
data/cropped/not_me/001109.jpg,0,776
data/cropped/not_me/001046.jpg,0,777
data/cropped/not_me/001071.jpg,0,778
data/cropped/not_me/000931.jpg,0,779
data/cropped/not_me/001363.jpg,0,780
data/cropped/not_me/001185.jpg,0,781
data/cropped/not_me/001272.jpg,0,782
data/cropped/not_me/001112.jpg,0,783
data/cropped/not_me/001108.jpg,0,784
data/cropped/not_me/001171.jpg,0,785
data/cropped/not_me/001419.jpg,0,786
data/cropped/not_me/001145.jpg,0,787
data/cropped/not_me/000983.jpg,0,788
data/cropped/not_me/001265.jpg,0,789
data/cropped/not_me/001135.jpg,0,790
data/cropped/not_me/001137.jpg,0,791
data/cropped/not_me/001280.jpg,0,792
data/cropped/not_me/000926.jpg,0,793
data/cropped/not_me/000990.jpg,0,794
data/cropped/not_me/001334.jpg,0,795
data/cropped/not_me/001043.jpg,0,796
data/cropped/not_me/000981.jpg,0,797
data/cropped/not_me/001074.jpg,0,798
data/cropped/not_me/000940.jpg,0,799
data/cropped/not_me/001136.jpg,0,800
data/cropped/not_me/001342.jpg,0,801
data/cropped/not_me/000935.jpg,0,802
data/cropped/not_me/001219.jpg,0,803
data/cropped/not_me/000994.jpg,0,804
data/cropped/not_me/000964.jpg,0,805
data/cropped/not_me/001289.jpg,0,806
data/cropped/not_me/001232.jpg,0,807
data/cropped/not_me/001380.jpg,0,808
data/cropped/not_me/001224.jpg,0,809
data/cropped/not_me/001163.jpg,0,810
data/cropped/not_me/001314.jpg,0,811
data/cropped/not_me/001187.jpg,0,812
data/cropped/not_me/001069.jpg,0,813
data/cropped/not_me/001336.jpg,0,814
data/cropped/not_me/001111.jpg,0,815
data/cropped/not_me/000930.jpg,0,816
data/cropped/not_me/001212.jpg,0,817
data/cropped/not_me/001362.jpg,0,818
data/cropped/not_me/001389.jpg,0,819
data/cropped/not_me/001191.jpg,0,820
data/cropped/not_me/001351.jpg,0,821
data/cropped/not_me/001247.jpg,0,822
data/cropped/not_me/001142.jpg,0,823
data/cropped/not_me/001340.jpg,0,824
data/cropped/not_me/001161.jpg,0,825
data/cropped/not_me/001044.jpg,0,826
data/cropped/not_me/001225.jpg,0,827
data/cropped/not_me/001325.jpg,0,828
data/cropped/not_me/001000.jpg,0,829
data/cropped/not_me/001345.jpg,0,830
data/cropped/not_me/001177.jpg,0,831
data/cropped/not_me/001227.jpg,0,832
data/cropped/not_me/000937.jpg,0,833
data/cropped/not_me/001202.jpg,0,834
data/cropped/not_me/001160.jpg,0,835
data/cropped/not_me/001281.jpg,0,836
data/cropped/not_me/001403.jpg,0,837
data/cropped/not_me/000933.jpg,0,838
data/cropped/not_me/001233.jpg,0,839
data/cropped/not_me/001156.jpg,0,840
data/cropped/not_me/001323.jpg,0,841
data/cropped/not_me/001180.jpg,0,842
data/cropped/not_me/001190.jpg,0,843
data/cropped/not_me/001338.jpg,0,844
data/cropped/not_me/001218.jpg,0,845
data/cropped/not_me/001168.jpg,0,846
data/cropped/not_me/001341.jpg,0,847
data/cropped/not_me/001149.jpg,0,848
data/cropped/not_me/001063.jpg,0,849
data/cropped/not_me/001188.jpg,0,850
data/cropped/not_me/001021.jpg,0,851
data/cropped/not_me/001059.jpg,0,852
data/cropped/not_me/001200.jpg,0,853
data/cropped/not_me/001029.jpg,0,854
data/cropped/not_me/001050.jpg,0,855
data/cropped/not_me/001151.jpg,0,856
data/cropped/not_me/001269.jpg,0,857
data/cropped/not_me/000993.jpg,0,858
data/cropped/not_me/001217.jpg,0,859
data/cropped/not_me/001220.jpg,0,860
data/cropped/not_me/001192.jpg,0,861
data/cropped/not_me/001026.jpg,0,862
data/cropped/not_me/001053.jpg,0,863
data/cropped/not_me/000959.jpg,0,864
data/cropped/not_me/001261.jpg,0,865
data/cropped/not_me/001251.jpg,0,866
data/cropped/not_me/001349.jpg,0,867
data/cropped/not_me/001303.jpg,0,868
data/cropped/not_me/001124.jpg,0,869
data/cropped/not_me/001298.jpg,0,870
data/cropped/not_me/001038.jpg,0,871
data/cropped/not_me/001154.jpg,0,872
data/cropped/not_me/001170.jpg,0,873
data/cropped/not_me/001252.jpg,0,874
data/cropped/not_me/001279.jpg,0,875
data/cropped/not_me/001359.jpg,0,876
data/cropped/not_me/001090.jpg,0,877
data/cropped/not_me/001008.jpg,0,878
data/cropped/not_me/001186.jpg,0,879
data/cropped/not_me/001235.jpg,0,880
data/cropped/not_me/001391.jpg,0,881
data/cropped/not_me/001241.jpg,0,882
data/cropped/not_me/001208.jpg,0,883
data/cropped/not_me/001009.jpg,0,884
data/cropped/not_me/000977.jpg,0,885
data/cropped/not_me/001095.jpg,0,886
data/cropped/not_me/000982.jpg,0,887
data/cropped/not_me/001079.jpg,0,888
data/cropped/not_me/001236.jpg,0,889
data/cropped/not_me/001330.jpg,0,890
data/cropped/not_me/001205.jpg,0,891
data/cropped/not_me/000938.jpg,0,892
data/cropped/not_me/001011.jpg,0,893
data/cropped/not_me/000978.jpg,0,894
data/cropped/not_me/001062.jpg,0,895
data/cropped/not_me/001226.jpg,0,896
data/cropped/not_me/000957.jpg,0,897
data/cropped/not_me/001196.jpg,0,898
data/cropped/not_me/000973.jpg,0,899
data/cropped/not_me/001327.jpg,0,900
data/cropped/not_me/001178.jpg,0,901
data/cropped/not_me/000928.jpg,0,902
data/cropped/not_me/001239.jpg,0,903
data/cropped/not_me/001113.jpg,0,904
data/cropped/not_me/001001.jpg,0,905
data/cropped/not_me/001176.jpg,0,906
data/cropped/not_me/001076.jpg,0,907
data/cropped/not_me/001332.jpg,0,908
data/cropped/not_me/001320.jpg,0,909
data/cropped/not_me/000954.jpg,0,910
data/cropped/not_me/001408.jpg,0,911
data/cropped/not_me/000974.jpg,0,912
data/cropped/not_me/001244.jpg,0,913
data/cropped/not_me/001080.jpg,0,914
data/cropped/not_me/001146.jpg,0,915
data/cropped/not_me/001206.jpg,0,916
data/cropped/not_me/000958.jpg,0,917
data/cropped/not_me/000975.jpg,0,918
data/cropped/not_me/001098.jpg,0,919
data/cropped/not_me/001093.jpg,0,920
data/cropped/not_me/001273.jpg,0,921
data/cropped/not_me/001255.jpg,0,922
data/cropped/not_me/000943.jpg,0,923
data/cropped/not_me/000932.jpg,0,924
data/cropped/not_me/000929.jpg,0,925
data/cropped/not_me/001285.jpg,0,926
data/cropped/not_me/001056.jpg,0,927
data/cropped/not_me/001119.jpg,0,928
data/cropped/not_me/001067.jpg,0,929
data/cropped/not_me/001283.jpg,0,930
data/cropped/not_me/001257.jpg,0,931
data/cropped/not_me/001173.jpg,0,932
data/cropped/not_me/001308.jpg,0,933
data/cropped/not_me/001099.jpg,0,934
data/cropped/not_me/001331.jpg,0,935
data/cropped/not_me/001360.jpg,0,936
data/cropped/not_me/001307.jpg,0,937
data/cropped/not_me/001377.jpg,0,938
data/cropped/not_me/001256.jpg,0,939
data/cropped/not_me/001296.jpg,0,940
data/cropped/not_me/001086.jpg,0,941
data/cropped/not_me/001305.jpg,0,942
data/cropped/not_me/000955.jpg,0,943
data/cropped/not_me/001381.jpg,0,944
data/cropped/not_me/001231.jpg,0,945
data/cropped/not_me/001122.jpg,0,946
data/cropped/not_me/001141.jpg,0,947
data/cropped/not_me/001012.jpg,0,948
data/cropped/not_me/001369.jpg,0,949
data/cropped/not_me/001211.jpg,0,950
data/cropped/not_me/001201.jpg,0,951
data/cropped/not_me/001288.jpg,0,952
data/cropped/not_me/001114.jpg,0,953
data/cropped/not_me/001254.jpg,0,954
data/cropped/not_me/001356.jpg,0,955
data/cropped/not_me/001207.jpg,0,956
data/cropped/not_me/001378.jpg,0,957
data/cropped/not_me/001198.jpg,0,958
data/cropped/not_me/001157.jpg,0,959
data/cropped/not_me/001195.jpg,0,960
data/cropped/not_me/001194.jpg,0,961
data/cropped/not_me/001167.jpg,0,962
data/cropped/not_me/000963.jpg,0,963
data/cropped/not_me/001346.jpg,0,964
data/cropped/not_me/001070.jpg,0,965
data/cropped/not_me/001035.jpg,0,966
data/cropped/not_me/000985.jpg,0,967
data/cropped/not_me/001027.jpg,0,968
data/cropped/not_me/001216.jpg,0,969
data/cropped/not_me/001158.jpg,0,970
data/cropped/not_me/001116.jpg,0,971
data/cropped/not_me/001412.jpg,0,972
data/cropped/not_me/000966.jpg,0,973
data/cropped/not_me/001104.jpg,0,974
data/cropped/not_me/001065.jpg,0,975
data/cropped/not_me/001016.jpg,0,976
data/cropped/not_me/001129.jpg,0,977
data/cropped/not_me/001230.jpg,0,978
data/cropped/not_me/000948.jpg,0,979
data/cropped/not_me/001421.jpg,0,980
data/cropped/not_me/001085.jpg,0,981
data/cropped/not_me/001339.jpg,0,982
data/cropped/not_me/001411.jpg,0,983
data/cropped/not_me/001147.jpg,0,984
data/cropped/not_me/001370.jpg,0,985
data/cropped/not_me/001032.jpg,0,986
data/cropped/not_me/001131.jpg,0,987
data/cropped/not_me/001222.jpg,0,988
data/cropped/not_me/001313.jpg,0,989
data/cropped/not_me/001375.jpg,0,990
data/cropped/not_me/001100.jpg,0,991
data/cropped/not_me/000972.jpg,0,992
data/cropped/not_me/001025.jpg,0,993
data/cropped/not_me/001271.jpg,0,994
data/cropped/not_me/001388.jpg,0,995
data/cropped/not_me/001382.jpg,0,996
data/cropped/not_me/000956.jpg,0,997
data/cropped/not_me/001246.jpg,0,998
data/cropped/not_me/001304.jpg,0,999
data/cropped/not_me/001126.jpg,0,1000
data/cropped/not_me/001237.jpg,0,1001
data/cropped/not_me/001390.jpg,0,1002
data/cropped/not_me/001014.jpg,0,1003
data/cropped/not_me/001398.jpg,0,1004
data/cropped/not_me/000939.jpg,0,1005
data/cropped/not_me/001007.jpg,0,1006
data/cropped/not_me/001268.jpg,0,1007
data/cropped/not_me/001317.jpg,0,1008
data/cropped/not_me/001132.jpg,0,1009
data/cropped/not_me/001221.jpg,0,1010
data/cropped/not_me/001243.jpg,0,1011
data/cropped/not_me/001358.jpg,0,1012
data/cropped/not_me/001015.jpg,0,1013
data/cropped/not_me/001407.jpg,0,1014
data/cropped/not_me/001287.jpg,0,1015
data/cropped/not_me/001249.jpg,0,1016
data/cropped/not_me/001082.jpg,0,1017
data/cropped/not_me/001414.jpg,0,1018
data/cropped/not_me/000998.jpg,0,1019
data/cropped/not_me/001133.jpg,0,1020
data/cropped/not_me/001357.jpg,0,1021
data/cropped/not_me/000944.jpg,0,1022
data/cropped/not_me/001150.jpg,0,1023
data/cropped/not_me/001060.jpg,0,1024
data/cropped/not_me/001125.jpg,0,1025
data/cropped/not_me/001372.jpg,0,1026
data/cropped/not_me/001051.jpg,0,1027
data/cropped/not_me/001395.jpg,0,1028
data/cropped/not_me/001267.jpg,0,1029
data/cropped/not_me/001041.jpg,0,1030
data/cropped/not_me/001121.jpg,0,1031
data/cropped/not_me/001036.jpg,0,1032
data/cropped/not_me/001300.jpg,0,1033
data/cropped/not_me/001277.jpg,0,1034
data/cropped/not_me/001311.jpg,0,1035
data/cropped/not_me/001088.jpg,0,1036
data/cropped/not_me/001066.jpg,0,1037
data/cropped/not_me/001061.jpg,0,1038
data/cropped/not_me/001328.jpg,0,1039
data/cropped/not_me/001258.jpg,0,1040
data/cropped/not_me/001368.jpg,0,1041
data/cropped/not_me/001316.jpg,0,1042
data/cropped/not_me/001413.jpg,0,1043
